email,first_name,department,prior_participant
ann0@example.edu,Ann,Biology,no
bo1@example.edu,Bo,Chemistry,yes
carmen2@example.edu,Carmen,Physics,no
dev3@example.edu,Dev,Biology,yes
eli4@example.edu,Eli,Chemistry,no
fatima5@example.edu,Fatima,Physics,yes
gus6@example.edu,Gus,Biology,no
hana7@example.edu,Hana,Chemistry,yes
ivan8@example.edu,Ivan,Physics,no
jia9@example.edu,Jia,Biology,yes
kofi10@example.edu,Kofi,Chemistry,no
lena11@example.edu,Lena,Physics,yes
mo12@example.edu,Mo,Biology,no
nora13@example.edu,Nora,Chemistry,yes
omar14@example.edu,Omar,Physics,no
pia15@example.edu,Pia,Biology,yes
quinn16@example.edu,Quinn,Chemistry,no
ravi17@example.edu,Ravi,Physics,yes
sofia18@example.edu,Sofia,Biology,no
tom19@example.edu,Tom,Chemistry,yes
uma20@example.edu,Uma,Physics,no
vic21@example.edu,Vic,Biology,yes
wen22@example.edu,Wen,Chemistry,no
xavi23@example.edu,Xavi,Physics,yes
